ID;TIPO ACTIVO;VINCULADO O NO;TIPO TITULO;EMISOR;NIT;TIPO INVERSION;TIPO REGISTRO;SISTEMA TRANSACCIONAL;TIPO MONEDA;TIPO SECTOR;CALIFICACION;DIAS AL VTO; DURACION ;  VPN  ;FIC
9633;1;2;9;Ministerio De Hacienda Y Credito Publico;8999990902;1;1;1;1;4;9;26;0;538700765.95;VP
9633;1;2;9;Ministerio De Hacienda Y Credito Publico;8999990902;1;1;1;1;4;9;61;0;585288676.39;VP
9633;1;2;9;Ministerio De Hacienda Y Credito Publico;8999990902;1;1;1;1;4;9;89;0;556945453.42;VP
9633;1;2;16;Banco Colpatria Multibanca Colpatria S.A.;8600345941;2;1;1;1;2;1;712;0;514260000;VP
9633;1;2;16;Banco Colpatria Multibanca Colpatria S.A.;8600345941;2;1;1;1;2;1;315;0;359133480;VP
9633;1;2;16;Banco Colpatria Multibanca Colpatria S.A.;8600345941;2;1;1;1;2;1;362;0;510785000;VP
9633;1;2;16;Banco Falabella S.A.;9000479818;2;1;1;1;2;1;732;0;2100620000;VP
9633;1;2;16;Banco Colpatria Multibanca Colpatria S.A.;8600345941;2;1;1;1;2;1;509;0;1030760000;VP
9633;1;2;16;Banco Corpbanca Colombia S.A;8909039370;2;1;1;1;2;1;46;0;3023670000;VP
9633;1;2;3;Banco De Occidente S.A.;8903002794;2;1;1;1;2;1;1072;0;519585000;VP
9633;1;2;16;Banco De Occidente S.A.;8903002794;2;1;1;1;2;1;1062;0;516270000;VP
9633;1;2;19;Titularizadora Colombiana S.A. Hitos;8300895306;2;1;1;1;2;1;2397;0;672837596.5;VP
9633;1;2;3;Banco Finandina S.A.;8600518946;2;1;1;1;2;1;151;0;1006590000;VP
9633;1;2;3;Banco Corpbanca Colombia S.A;8909039370;2;1;1;1;2;1;708;0;1562415000;VP
9633;1;2;3;Leasing Bancolombia S.A. C.F.;8600592943;2;1;1;1;2;1;514;0;1530585000;VP
9633;1;2;3;Leasing Bancolombia S.A. C.F.;8600592943;2;1;1;1;2;1;2340;0;522550000;VP
9633;1;1;16;Leasing Corficolombiana S.A.;8000247028;2;1;1;1;2;1;725;0;1029130000;VP
9633;1;1;16;Leasing Corficolombiana S.A.;8000247028;2;1;1;1;2;1;720;0;1028870000;VP
9633;1;2;16;Financiera De Desarrollo Territorial S.A. Findeter;8000963291;2;1;1;1;2;1;853;0;1017800000;VP
9633;1;2;3;Hsbc Colombia S.A.;8600509309;2;1;1;1;2;1;52;0;929301200;VP
9633;1;2;3;Hsbc Colombia S.A.;8600509309;2;1;1;1;2;1;52;0;80808800;VP
9633;1;2;16;Helm Bank;8600076603;2;1;1;1;2;1;59;0;2024860000;VP
9633;1;2;3;Banco Popular S.A.;8600077389;2;1;1;1;2;1;467;0;1041400000;VP
9633;1;2;3;Banco Popular S.A.;8600077389;2;1;1;1;2;1;467;0;1041400000;VP
9633;1;2;16;Banco Colpatria Multibanca Colpatria S.A.;8600345941;2;1;1;1;2;1;315;0;2062800000;VP
9633;1;2;16;Banco Corpbanca Colombia S.A;8909039370;2;1;1;1;2;1;460;0;522035000;VP
9633;1;2;16;Banco Corpbanca Colombia S.A;8909039370;2;1;1;1;2;1;460;0;522035000;VP
9633;1;1;16;Corporacion Financiera Colombiana S.A.;8903006536;2;1;1;1;2;1;92;0;1500945000;VP
9633;1;2;16;Financiera De Desarrollo Territorial S.A. Findeter;8000963291;2;1;1;1;2;1;640;0;522190000;VP
9633;1;2;16;Financiera De Desarrollo Territorial S.A. Findeter;8000963291;2;1;1;1;2;1;243;0;1021110000;VP
9633;1;2;16;Banco Corpbanca Colombia S.A;8909039370;2;1;1;1;2;1;105;0;1521480000;VP
9633;1;2;16;Leasing Bancolombia S.A. C.F.;8600592943;2;1;1;1;2;1;102;0;2024920000;VP
9633;1;2;16;Financiera De Desarrollo Territorial S.A. Findeter;8000963291;2;1;1;1;2;1;163;0;3010170000;VP
9633;1;2;16;Bancolombia S.A.;8909039388;2;1;1;1;2;1;178;0;2017980000;VP
9633;1;1;16;Leasing Corficolombiana S.A.;8000247028;2;1;1;1;2;1;178;0;1515360000;VP
9633;1;2;16;Financiera De Desarrollo Territorial S.A. Findeter;8000963291;2;1;1;1;2;1;6;0;1017550000;VP
9633;1;1;16;Corporacion Financiera Colombiana S.A.;8903006536;2;1;1;1;2;1;168;0;3536120000;VP
9633;1;2;3;Banco De Occidente S.A.;8903002794;2;1;1;1;2;1;166;0;512825000;VP
9633;1;1;16;Corporacion Financiera Colombiana S.A.;8903006536;2;1;1;1;2;1;168;0;3030960000;VP
9633;1;1;16;Corporacion Financiera Colombiana S.A.;8903006536;2;1;1;1;2;1;122;0;2031980000;VP
9633;1;2;3;Hsbc Colombia S.A.;8600509309;2;1;1;1;2;1;52;0;2020220000;VP
9633;1;2;16;Bbva Colombia S.A.;8600030201;2;1;1;1;2;1;613;0;515110000;VP
9633;1;1;16;Corporacion Financiera Colombiana S.A.;8903006536;2;1;1;1;2;1;137;0;3040050000;VP
9633;1;2;16;Banco Av Villas S.A.;8600358275;2;1;1;1;2;1;49;0;2021740000;VP
9633;1;1;16;Corporacion Financiera Colombiana S.A.;8903006536;2;1;1;1;2;1;55;0;3025230000;VP
9633;1;2;16;Bancolombia S.A.;8909039388;2;1;1;1;2;1;252;0;5058050000;VP
9633;1;2;16;Bbva Colombia S.A.;8600030201;2;1;1;1;2;1;290;0;3035340000;VP
9633;1;1;16;Corporacion Financiera Colombiana S.A.;8903006536;2;1;1;1;2;1;302;0;5042600000;VP
9633;1;2;16;Hsbc Colombia S.A.;8600509309;2;1;1;1;2;1;122;0;2019920000;VP
9633;1;2;16;Bbva Colombia S.A.;8600030201;2;1;1;1;2;1;210;0;504540000;VP
9633;1;2;16;Banco De Bogota S.A.;8600029644;2;1;1;1;2;1;323;0;4526415000;VP
9633;1;2;16;Bancolombia S.A.;8909039388;2;1;1;1;2;1;110;0;1022220000;VP
9633;1;2;16;Bbva Colombia S.A.;8600030201;2;1;1;1;2;1;206;0;1009810000;VP
9633;1;2;16;Citibank Colombia S.A.;8600511354;2;1;1;1;2;1;154;0;1507275000;VP
9633;1;2;16;Bancolombia S.A.;8909039388;2;1;1;1;2;1;301;0;1020310000;VP
9633;1;2;3;Banco Pichincha S.A.;8902007567;2;1;1;1;2;1;175;0;3018180000;VP
9633;1;2;3;Banco Pichincha S.A.;8902007567;2;1;1;1;2;1;175;0;2012120000;VP
9633;1;2;3;Banco Davivienda S.A.;8600343137;2;1;1;1;2;1;359;0;1997915820;VP
9633;1;2;16;Banco Davivienda S.A.;8600343137;2;1;1;1;2;1;189;0;2022220000;VP
9633;1;2;16;Banco Davivienda S.A.;8600343137;2;1;1;1;2;1;189;0;2527775000;VP
9633;1;2;16;Banco Av Villas S.A.;8600358275;2;1;1;1;2;1;190;0;4043720000;VP
9633;1;2;16;Banco Gnb Sudameris S.A.;8600507501;2;1;1;1;2;1;26;0;1009720000;VP
9633;1;2;16;Banco Pichincha S.A.;8902007567;2;1;1;1;2;1;30;0;2020300000;VP
9633;1;2;16;Banco Pichincha S.A.;8902007567;2;1;1;1;2;1;211;0;2019800000;VP
9633;1;2;16;Banco Gnb Sudameris S.A.;8600507501;2;1;1;1;2;1;406;0;2514475000;VP
9633;1;2;16;Banco Davivienda S.A.;8600343137;2;1;1;1;2;1;245;0;506055000;VP
9633;1;2;16;Banco De Bogota S.A.;8600029644;2;1;1;1;2;1;169;0;1009640000;VP
9633;1;2;16;Financiera De Desarrollo Territorial S.A. Findeter;8000963291;2;1;1;1;2;1;702;0;1028230000;VP
9633;1;2;16;Banco Popular S.A.;8600077389;2;1;1;1;2;1;366;0;1024560000;VP
9633;1;2;16;Banco Colpatria Multibanca Colpatria S.A.;8600345941;2;1;1;1;2;1;516;0;1030540000;VP
9633;1;1;16;Corporacion Financiera Colombiana S.A.;8903006536;2;1;1;1;2;1;273;0;3000990000;VP
9633;1;2;16;Leasing Bancolombia S.A. C.F.;8600592943;2;1;1;1;2;1;284;0;5061600000;VP
9633;1;2;16;Banco Santander De Negocios Colombia S.A.;9006281103;2;1;1;1;2;1;286;0;2016440000;VP
9633;1;1;16;Corporacion Financiera Colombiana S.A.;8903006536;2;1;1;1;2;1;111;0;1008140000;VP
9633;1;1;16;Corporacion Financiera Colombiana S.A.;8903006536;2;1;1;1;2;1;32;0;1033310000;VP
9633;1;2;16;Leasing Bancoldex S.A. Compað?A De Financiamiento;8002253859;2;1;1;1;2;1;309;0;3022620000;VP
9633;1;2;16;Banco Gnb Sudameris S.A.;8600507501;2;1;1;1;2;1;189;0;1007920000;VP
9633;1;2;16;Banco Corpbanca Colombia S.A;8909039370;2;1;1;1;2;1;194;0;1005600000;VP
9633;1;2;16;Banco Gnb Sudameris S.A.;8600507501;2;1;1;1;2;1;201;0;1005760000;VP
9633;1;2;16;Banco Corpbanca Colombia S.A;8909039370;2;1;1;1;2;1;201;0;3015150000;VP
9633;1;2;16;Banco Pichincha S.A.;8902007567;2;1;1;1;2;1;389;0;3035730000;VP
9633;1;1;16;Corporacion Financiera Colombiana S.A.;8903006536;2;1;1;1;2;1;402;0;5017750000;VP
9633;1;1;16;Leasing Corficolombiana S.A.;8000247028;2;1;1;1;2;1;219;0;507750000;VP
9633;1;1;16;Leasing Corficolombiana S.A.;8000247028;2;1;1;1;2;1;222;0;1014940000;VP
9633;1;1;16;Corporacion Financiera Colombiana S.A.;8903006536;2;1;1;1;2;1;230;0;4023280000;VP
9633;1;2;16;Leasing Bancolombia S.A. C.F.;8600592943;2;1;1;1;2;1;231;0;4002960000;VP
9633;1;2;16;Servicios Financieros S.A - Serfinansa C.F.;8600431866;2;1;1;1;2;1;53;0;5094950000;VP
9633;1;2;16;Leasing Bancolombia S.A. C.F.;8600592943;2;1;1;1;2;1;118;0;10177300000;VP
9633;1;1;16;Corporacion Financiera Colombiana S.A.;8903006536;2;1;1;1;2;1;247;0;2007020000;VP
9633;1;2;16;Banco Colpatria Multibanca Colpatria S.A.;8600345941;2;1;1;1;2;1;472;0;1006580000;VP
9633;1;2;16;Banco Corpbanca Colombia S.A;8909039370;2;1;1;1;2;1;444;0;996980000;VP
9633;1;2;16;Banco Colpatria Multibanca Colpatria S.A.;8600345941;2;1;1;1;2;1;83;0;2001000000;VP
9633;1;1;16;Corporacion Financiera Colombiana S.A.;8903006536;2;1;1;1;2;1;173;0;3540180000;VP
9633;1;2;16;Banco Davivienda S.A.;8600343137;2;1;1;1;2;1;126;0;2262106000;VP
9633;1;2;16;Banco Davivienda S.A.;8600343137;2;1;1;1;2;1;129;0;2261886000;VP
9633;1;1;16;Corporacion Financiera Colombiana S.A.;8903006536;2;1;1;1;2;1;181;0;505045000;VP
9633;1;1;16;Leasing Corficolombiana S.A.;8000247028;2;1;1;1;2;1;92;0;506395000;VP
9633;1;2;16;Bbva Colombia S.A.;8600030201;2;1;1;1;2;1;290;0;1012620000;VP
9633;1;2;16;Banco Av Villas S.A.;8600358275;2;1;1;1;2;1;1;0;2023540000;VP
9633;1;2;16;Financiera De Desarrollo Territorial S.A. Findeter;8000963291;2;1;1;1;2;1;459;0;1514145000;VP
9633;1;2;16;Banco Gnb Sudameris S.A.;8600507501;2;1;1;1;2;1;459;0;2021840000;VP
9633;1;1;16;Corporacion Financiera Colombiana S.A.;8903006536;2;1;1;1;2;1;99;0;3029610000;VP
9633;1;1;16;Corporacion Financiera Colombiana S.A.;8903006536;2;1;1;1;2;1;194;0;3543540000;VP
9633;1;2;16;Banco De Bogota S.A.;8600029644;2;1;1;1;2;1;473;0;2022560000;VP
9633;1;2;16;Banco De Bogota S.A.;8600029644;2;1;1;1;2;1;476;0;5053050000;VP
9633;1;2;16;Bancolombia S.A.;8909039388;2;1;1;1;2;1;111;0;4032160000;VP
9633;1;2;16;Banco Corpbanca Colombia S.A;8909039370;2;1;1;1;2;1;81;0;8071520000;VP
9633;1;2;16;Banco Corpbanca Colombia S.A;8909039370;2;1;1;1;2;1;42;0;4035760000;VP
9633;1;2;16;Banco De Bogota S.A.;8600029644;2;1;1;1;2;1;42;0;1512840000;VP
9633;1;1;16;Corporacion Financiera Colombiana S.A.;8903006536;2;1;1;1;2;1;113;0;1008030000;VP
9633;1;2;16;Banco De Bogota S.A.;8600029644;2;1;1;1;2;1;479;0;3030120000;VP
9633;1;1;16;Corporacion Financiera Colombiana S.A.;8903006536;2;1;1;1;2;1;119;0;2014080000;VP
9633;1;2;16;Banco Davivienda S.A.;8600343137;2;1;1;1;2;1;82;0;1004390000;VP
9633;1;2;16;Banco Corpbanca Colombia S.A;8909039370;2;1;1;1;2;1;27;0;2018480000;VP
9633;1;2;16;Banco Caja Social;8600073354;2;1;1;1;2;1;120;0;10067700000;VP
9633;1;2;16;Bancolombia S.A.;8909039388;2;1;1;1;2;1;253;0;2022820000;VP
9633;1;2;3;Banco De Occidente S.A.;8903002794;2;1;1;1;2;1;166;0;2051300000;VP
9633;1;2;16;Banco De Bogota S.A.;8600029644;2;1;1;1;2;1;203;0;2036600000;VP
9633;1;2;16;Bancolombia S.A.;8909039388;2;1;1;1;2;1;183;0;1024250000;VP
9633;1;2;16;Bancolombia S.A.;8909039388;2;1;1;1;2;1;189;0;1023100000;VP
9633;1;2;16;Bancolombia S.A.;8909039388;2;1;1;1;2;1;191;0;4090840000;VP
9633;1;2;16;Banco Davivienda S.A.;8600343137;2;1;1;1;2;1;318;0;1020960000;VP
9633;1;2;16;Bancolombia S.A.;8909039388;2;1;1;1;2;1;217;0;1524480000;VP
9633;1;2;16;Banco De Bogota S.A.;8600029644;2;1;1;1;2;1;275;0;1027270000;VP
9633;1;2;16;Banco De Bogota S.A.;8600029644;2;1;1;1;2;1;267;0;1006830000;VP
9633;1;2;16;Banco Davivienda S.A.;8600343137;2;1;1;1;2;1;307;0;1017370000;VP
9633;1;2;16;Banco Davivienda S.A.;8600343137;2;1;1;1;2;1;343;0;5029050000;VP
9633;1;2;16;Bancolombia S.A.;8909039388;2;1;1;1;2;1;344;0;1506225000;VP
9633;1;2;3;Banco De Occidente S.A.;8903002794;2;1;1;1;2;1;342;0;1024620000;VP
9633;1;2;16;Banco De Occidente S.A.;8903002794;2;1;1;1;2;1;1;0;1011900000;VP
9633;1;2;16;Banco Gnb Sudameris S.A.;8600507501;2;1;1;1;2;1;279;0;311931300;VP
9633;1;2;16;Banco De Bogota S.A.;8600029644;2;1;1;1;2;1;267;0;2013660000;VP
9633;1;2;16;Banco Av Villas S.A.;8600358275;2;1;1;1;2;1;349;0;4024200000;VP
9633;1;2;10;Ministerio De Hacienda Y Credito Publico;8999990902;2;1;1;1;4;9;13;0;271077078;VP
9633;1;2;10;Ministerio De Hacienda Y Credito Publico;8999990902;2;1;1;1;4;9;1012;0;210575000;VP
9633;1;2;10;Ministerio De Hacienda Y Credito Publico;8999990902;2;1;1;1;4;9;1012;0;87936120;VP
9633;1;2;10;Ministerio De Hacienda Y Credito Publico;8999990902;2;1;1;1;4;9;27;0;1048800000;VP
9633;1;2;10;Ministerio De Hacienda Y Credito Publico;8999990902;2;1;1;1;4;9;27;0;2097600000;VP
9633;1;2;10;Ministerio De Hacienda Y Credito Publico;8999990902;2;1;1;1;4;9;13;0;5930485000;VP
9633;1;2;10;Ministerio De Hacienda Y Credito Publico;8999990902;2;1;1;1;4;9;13;0;1617405000;VP
9633;1;2;10;Ministerio De Hacienda Y Credito Publico;8999990902;2;1;1;1;4;9;579;0;2393173383.98;VP
9633;1;2;10;Ministerio De Hacienda Y Credito Publico;8999990902;2;1;1;1;4;9;27;0;524400000;VP
9633;1;2;10;Ministerio De Hacienda Y Credito Publico;8999990902;2;1;1;1;4;9;243;0;517590000;VP
9633;1;2;10;Ministerio De Hacienda Y Credito Publico;8999990902;2;1;1;1;4;9;259;0;1015110000;VP
9633;1;2;10;Ministerio De Hacienda Y Credito Publico;8999990902;2;1;1;1;4;9;259;0;5075550000;VP
9633;1;2;10;Ministerio De Hacienda Y Credito Publico;8999990902;2;1;1;1;4;9;259;0;5075550000;VP
9633;1;2;10;Ministerio De Hacienda Y Credito Publico;8999990902;2;1;1;1;4;9;243;0;5175900000;VP
9633;1;2;10;Ministerio De Hacienda Y Credito Publico;8999990902;2;1;1;1;4;9;27;0;1573200000;VP
9633;1;2;10;Ministerio De Hacienda Y Credito Publico;8999990902;2;1;1;1;4;9;13;0;4313080000;VP
9633;1;2;10;Ministerio De Hacienda Y Credito Publico;8999990902;2;1;1;1;4;9;13;0;2156540000;VP
9633;1;2;10;Ministerio De Hacienda Y Credito Publico;8999990902;2;1;1;1;4;9;13;0;539135000;VP
9633;1;2;10;Ministerio De Hacienda Y Credito Publico;8999990902;2;1;1;1;4;9;13;0;1078270000;VP
9633;1;2;10;Ministerio De Hacienda Y Credito Publico;8999990902;2;1;1;1;4;9;13;0;2156540000;VP
9633;1;2;10;Ministerio De Hacienda Y Credito Publico;8999990902;2;1;1;1;4;9;243;0;4658310000;VP
9633;1;2;10;Ministerio De Hacienda Y Credito Publico;8999990902;2;1;1;1;4;9;13;0;2156540000;VP
9633;1;2;16;Bancolombia Panamá S.A.                           ;92914910597;2;1;1;2;2;1;283;0;16063260103.55;VP
9633;1;2;3;Servicios Financieros S.A - Serfinansa C.F.;8600431866;2;1;1;1;2;1;157;0;1009220000;VP
9633;1;2;3;Servicios Financieros S.A - Serfinansa C.F.;8600431866;2;1;1;1;2;1;157;0;1009220000;VP
9633;1;2;16;Banco De Bogota S.A.;8600029644;2;1;1;1;2;1;185;0;5016650000;VP
9633;1;2;16;Leasing Bancolombia S.A. C.F.;8600592943;2;1;1;1;2;1;219;0;1006690000;VP
9633;1;2;3;Banco De Occidente S.A.;8903002794;2;1;1;1;2;1;226;0;1001750000;VP
9633;1;2;3;Banco De Occidente S.A.;8903002794;2;1;1;1;2;1;226;0;1001750000;VP
9633;1;2;3;Banco De Occidente S.A.;8903002794;2;1;1;1;2;1;226;0;1001750000;VP
9633;1;2;3;Banco De Occidente S.A.;8903002794;2;1;1;1;2;1;226;0;1001750000;VP
9633;1;2;3;Banco De Occidente S.A.;8903002794;2;1;1;1;2;1;226;0;1001750000;VP
9633;1;2;3;Banco De Occidente S.A.;8903002794;2;1;1;1;2;1;226;0;1001750000;VP
9633;1;2;16;Bbva Colombia S.A.;8600030201;2;1;1;1;2;1;221;0;501090000;VP
9633;1;2;16;Bbva Colombia S.A.;8600030201;2;1;1;1;2;1;221;0;501090000;VP
9633;1;2;16;Banco De Comercio Ext. De Colombia S.A. Bancoldex;8001499236;2;1;1;1;2;1;45;0;3014370000;VP
9633;1;2;16;Banco Av Villas S.A.;8600358275;2;1;1;1;2;1;48;0;1004380000;VP
9633;1;2;16;Banco Av Villas S.A.;8600358275;2;1;1;1;2;1;48;0;2008760000;VP
9633;1;2;3;Banco Davivienda S.A.;8600343137;2;1;1;1;2;1;56;0;3009810000;VP
9633;1;2;3;Banco Davivienda S.A.;8600343137;2;1;1;1;2;1;56;0;3009810000;VP
9633;1;2;16;Bbva Colombia S.A.;8600030201;2;1;1;1;2;1;91;0;2007460000;VP
9633;1;2;16;Banco De Comercio Ext. De Colombia S.A. Bancoldex;8001499236;2;1;1;1;2;1;462;0;503470000;VP
9633;1;2;16;Banco De Comercio Ext. De Colombia S.A. Bancoldex;8001499236;2;1;1;1;2;1;462;0;2013880000;VP
9633;1;2;16;Leasing Bancolombia S.A. C.F.;8600592943;2;1;1;1;2;1;6;0;502445000;VP
9633;1;2;16;Leasing Bancolombia S.A. C.F.;8600592943;2;1;1;1;2;1;6;0;1507335000;VP
9633;1;2;16;Financiera De Desarrollo Territorial S.A. Findeter;8000963291;2;1;1;1;2;1;491;0;3017700000;VP
9633;1;1;16;Corporacion Financiera Colombiana S.A.;8903006536;2;1;1;1;2;1;22;0;2004520000;VP
9633;1;2;16;Leasing Bancolombia S.A. C.F.;8600592943;2;1;1;1;2;1;150;0;2008320000;VP
9633;1;2;16;Banco De Occidente S.A.;8903002794;2;1;1;1;2;1;192;0;1003780000;VP
9633;1;2;16;Banco De Bogota S.A.;8600029644;2;1;1;1;2;1;204;0;2004220000;VP
9633;1;2;3;Banco Davivienda S.A.;8600343137;2;1;1;1;2;1;577;0;2005520000;VP
9633;1;2;3;Banco Davivienda S.A.;8600343137;2;1;1;1;2;1;577;0;2005520000;VP
9633;1;1;16;Corporacion Financiera Colombiana S.A.;8903006536;2;1;1;1;2;1;304;0;1998140000;VP
9633;1;1;16;Corporacion Financiera Colombiana S.A.;8903006536;2;1;1;1;2;1;151;0;1001230000;VP
9633;1;2;16;Leasing Bancolombia S.A. C.F.;8600592943;2;1;1;1;2;1;216;0;4030200000;VP
9633;1;2;3;Banco Popular S.A.;8600077389;2;1;1;1;2;1;582;0;503835000;VP
9633;1;2;3;Banco Popular S.A.;8600077389;2;1;1;1;2;1;582;0;503835000;VP
9633;1;2;3;Banco Popular S.A.;8600077389;2;1;1;1;2;1;582;0;503835000;VP
9633;1;2;3;Banco De Occidente S.A.;8903002794;2;1;1;1;2;1;226;0;500875000;VP
9633;1;2;16;Leasing Bancolombia S.A. C.F.;8600592943;2;1;1;1;2;1;70;0;4522455000;VP
9633;1;2;3;Servicios Financieros S.A - Serfinansa C.F.;8600431866;2;1;1;1;2;1;157;0;414789420;VP
9633;1;2;3;Leasing Bancolombia S.A. C.F.;8600592943;2;1;1;1;2;1;646;0;577898000;VP
9633;1;2;16;Financiera De Desarrollo Territorial S.A. Findeter;8000963291;2;1;1;1;2;1;421;0;2979060000;VP
9633;1;1;16;Corporacion Financiera Colombiana S.A.;8903006536;2;1;1;1;2;1;427;0;7487925000;VP
9633;1;2;16;Banco Gnb Sudameris S.A.;8600507501;2;1;1;1;2;1;428;0;2495450000;VP
9633;1;1;16;Corporacion Financiera Colombiana S.A.;8903006536;2;1;1;1;2;1;430;0;1994460000;VP
9633;1;2;16;Banco Gnb Sudameris S.A.;8600507501;2;1;1;1;2;1;341;0;4008080000;VP
9633;1;2;16;Banco Caja Social;8600073354;2;1;1;1;2;1;342;0;501145000;VP
9633;1;2;16;Banco Popular S.A.;8600077389;2;1;1;1;2;1;99;0;2013320000;VP
9633;1;2;16;Banco De Comercio Ext. De Colombia S.A. Bancoldex;8001499236;2;1;1;1;2;1;252;0;3003750000;VP
9633;1;2;16;Banco Colpatria Multibanca Colpatria S.A.;8600345941;2;1;1;1;2;1;351;0;4007120000;VP
9633;2;2;0;Banco De Bogota S.A.;8600029644;0;0;0;0;0;0;0;0;16746809557.25;VP
9633;2;2;0;Banco Popular S.A.;8600077389;0;0;0;0;0;0;0;0;6678145012.91;VP
9633;2;2;0;Banco Corpbanca Colombia S.A;8909039370;0;0;0;0;0;0;0;0;6144513663.43;VP
9633;2;2;0;Bancolombia S.A.;8909039388;0;0;0;0;0;0;0;0;54649178469.28;VP
9633;2;2;0;Scotiabank Colombia S.A.;8600517052;0;0;0;0;0;0;0;0;8409170.93;VP
9633;2;2;0;Citibank Colombia S.A.;8600511354;0;0;0;0;0;0;0;0;6236523016.28;VP
9633;2;2;0;Banco Gnb Sudameris S.A.;8600507501;0;0;0;0;0;0;0;0;5731445072.28;VP
9633;2;2;0;Bbva Colombia S.A.;8600030201;0;0;0;0;0;0;0;0;14844419810.37;VP
9633;2;2;0;Helm Bank;8600076603;0;0;0;0;0;0;0;0;15834887984.07;VP
9633;2;2;0;Banco Colpatria Multibanca Colpatria S.A.;8600345941;0;0;0;0;0;0;0;0;19857716725.66;VP
9633;2;2;0;Banco De Occidente S.A.;8903002794;0;0;0;0;0;0;0;0;105241654561.75;VP
9633;2;2;0;Banco Caja Social;8600073354;0;0;0;0;0;0;0;0;5415371157.44;VP
9633;2;2;0;Megabanco S.A.;8600349215;0;0;0;0;0;0;0;0;0;VP
9633;2;2;0;Banco Agrario De Colombia S.A;8000378008;0;0;0;0;0;0;0;0;2374651305.03;VP
9633;2;2;0;Financiera America S.A. Compað?A De Financiamiento;8600259715;0;0;0;0;0;0;0;0;4923551424.31;VP
9633;2;2;0;Banco Davivienda S.A.;8600343137;0;0;0;0;0;0;0;0;7952489472.88;VP
9633;2;2;0;Banco Av Villas S.A.;8600358275;0;0;0;0;0;0;0;0;10643916244.96;VP
9633;2;2;0;Banco Pichincha S.A.;8902007567;0;0;0;0;0;0;0;0;4694792075.63;VP
9633;2;2;0;Coomeva Cooperativa Financiera;9001721483;0;0;0;0;0;0;0;0;1550909913.25;VP
9633;2;2;0;Banco Santander De Negocios Colombia S.A.;9006281103;0;0;0;0;0;0;0;0;1679160591.12;VP
9633;2;2;0;Banco Cooperativo Coopcentral;8902030889;0;0;0;0;0;0;0;0;5004828494;VP
9633;2;2;0;Cititrust Colombia S.A.;8001468148;0;0;0;0;0;0;0;0;0;VP
9633;2;1;0;Corporacion Financiera Colombiana S.A.;8903006536;0;0;0;0;0;0;0;0;27749723964.98;VP
25392;1;2;19;Titularizadora Colombiana S.A. Hitos;8300895306;2;1;1;1;2;1;2397;0;207512306.76;VP2
25392;1;2;16;Financiera De Desarrollo Territorial S.A. Findeter;8000963291;2;1;1;1;2;1;853;0;508900000;VP2
25392;1;2;16;Banco Corpbanca Colombia S.A;8909039370;2;1;1;1;2;1;105;0;507160000;VP2
25392;1;2;16;Financiera De Desarrollo Territorial S.A. Findeter;8000963291;2;1;1;1;2;1;163;0;1003390000;VP2
25392;1;2;16;Bancolombia S.A.;8909039388;2;1;1;1;2;1;178;0;1008990000;VP2
25392;1;1;16;Corporacion Financiera Colombiana S.A.;8903006536;2;1;1;1;2;1;168;0;505160000;VP2
25392;1;2;16;Bancolombia S.A.;8909039388;2;1;1;1;2;1;562;0;520465000;VP2
25392;1;1;16;Corporacion Financiera Colombiana S.A.;8903006536;2;1;1;1;2;1;168;0;1515480000;VP2
25392;1;1;16;Corporacion Financiera Colombiana S.A.;8903006536;2;1;1;1;2;1;122;0;507995000;VP2
25392;1;2;16;Bancolombia S.A.;8909039388;2;1;1;1;2;1;252;0;1011610000;VP2
25392;1;2;16;Bancolombia S.A.;8909039388;2;1;1;1;2;1;267;0;505040000;VP2
25392;1;2;16;Bbva Colombia S.A.;8600030201;2;1;1;1;2;1;290;0;1011780000;VP2
25392;1;2;16;Hsbc Colombia S.A.;8600509309;2;1;1;1;2;1;122;0;504980000;VP2
25392;1;2;16;Banco De Bogota S.A.;8600029644;2;1;1;1;2;1;323;0;1005870000;VP2
25392;1;2;3;Banco Pichincha S.A.;8902007567;2;1;1;1;2;1;175;0;1006060000;VP2
25392;1;2;3;Banco Pichincha S.A.;8902007567;2;1;1;1;2;1;175;0;1006060000;VP2
25392;1;2;3;Banco Davivienda S.A.;8600343137;2;1;1;1;2;1;359;0;1426229040;VP2
25392;1;2;16;Banco Davivienda S.A.;8600343137;2;1;1;1;2;1;189;0;505555000;VP2
25392;1;2;16;Banco Pichincha S.A.;8902007567;2;1;1;1;2;1;30;0;1010150000;VP2
25392;1;2;16;Banco Pichincha S.A.;8902007567;2;1;1;1;2;1;211;0;1009900000;VP2
25392;1;2;16;Banco Gnb Sudameris S.A.;8600507501;2;1;1;1;2;1;406;0;1005790000;VP2
25392;1;2;16;Banco De Bogota S.A.;8600029644;2;1;1;1;2;1;169;0;504820000;VP2
25392;1;2;16;Banco Gnb Sudameris S.A.;8600507501;2;1;1;1;2;1;91;0;1000000000;VP2
25392;1;2;16;Banco Colpatria Multibanca Colpatria S.A.;8600345941;2;1;1;1;2;1;449;0;998340000;VP2
25392;1;1;16;Corporacion Financiera Colombiana S.A.;8903006536;2;1;1;1;2;1;15;0;505390000;VP2
25392;1;1;16;Corporacion Financiera Colombiana S.A.;8903006536;2;1;1;1;2;1;111;0;1008140000;VP2
25392;1;2;16;Leasing Bancolombia S.A. C.F.;8600592943;2;1;1;1;2;1;497;0;498625000;VP2
25392;1;1;16;Corporacion Financiera Colombiana S.A.;8903006536;2;1;1;1;2;1;403;0;2006720000;VP2
25392;1;2;16;Leasing Bancolombia S.A. C.F.;8600592943;2;1;1;1;2;1;189;0;508090000;VP2
25392;1;1;16;Leasing Corficolombiana S.A.;8000247028;2;1;1;1;2;1;222;0;507470000;VP2
25392;1;2;16;Banco Finandina S.A.;8600518946;2;1;1;1;2;1;409;0;999540000;VP2
25392;1;2;16;Leasing Bancolombia S.A. C.F.;8600592943;2;1;1;1;2;1;231;0;1003550000;VP2
25392;1;1;16;Corporacion Financiera Colombiana S.A.;8903006536;2;1;1;1;2;1;247;0;501755000;VP2
25392;1;2;16;Leasing Bancolombia S.A. C.F.;8600592943;2;1;1;1;2;1;133;0;2030880000;VP2
25392;1;2;16;Banco Colpatria Multibanca Colpatria S.A.;8600345941;2;1;1;1;2;1;83;0;2001000000;VP2
25392;1;2;16;Banco Colpatria Multibanca Colpatria S.A.;8600345941;2;1;1;1;2;1;173;0;998070000;VP2
25392;1;1;16;Corporacion Financiera Colombiana S.A.;8903006536;2;1;1;1;2;1;181;0;505045000;VP2
25392;1;2;16;Bbva Colombia S.A.;8600030201;2;1;1;1;2;1;269;0;3002070000;VP2
25392;1;1;16;Corporacion Financiera Colombiana S.A.;8903006536;2;1;1;1;2;1;92;0;506735000;VP2
25392;1;2;16;Banco De Bogota S.A.;8600029644;2;1;1;1;2;1;281;0;1026090000;VP2
25392;1;2;16;Bbva Colombia S.A.;8600030201;2;1;1;1;2;1;290;0;1012620000;VP2
25392;1;2;16;Banco De Bogota S.A.;8600029644;2;1;1;1;2;1;267;0;4027320000;VP2
25392;1;2;16;Banco De Bogota S.A.;8600029644;2;1;1;1;2;1;473;0;1011280000;VP2
25392;1;2;16;Bancolombia S.A.;8909039388;2;1;1;1;2;1;111;0;504020000;VP2
25392;1;2;3;Banco Davivienda S.A.;8600343137;2;1;1;1;2;1;113;0;3098520000;VP2
25392;1;2;16;Banco Gnb Sudameris S.A.;8600507501;2;1;1;1;2;1;118;0;1007580000;VP2
25392;1;1;16;Corporacion Financiera Colombiana S.A.;8903006536;2;1;1;1;2;1;119;0;1007040000;VP2
25392;1;2;16;Financiera De Desarrollo Territorial S.A. Findeter;8000963291;2;1;1;1;2;1;99;0;5073050000;VP2
25392;1;2;16;Bancolombia S.A.;8909039388;2;1;1;1;2;1;188;0;1023290000;VP2
25392;1;2;16;Financiera De Desarrollo Territorial S.A. Findeter;8000963291;2;1;1;1;2;1;211;0;1016750000;VP2
25392;1;2;16;Financiera De Desarrollo Territorial S.A. Findeter;8000963291;2;1;1;1;2;1;336;0;1003530000;VP2
25392;1;2;16;Bancolombia S.A.;8909039388;2;1;1;1;2;1;183;0;2048500000;VP2
25392;1;2;16;Banco Davivienda S.A.;8600343137;2;1;1;1;2;1;343;0;2011620000;VP2
25392;1;2;16;Bancolombia S.A.;8909039388;2;1;1;1;2;1;344;0;502075000;VP2
25392;1;2;16;Banco De Bogota S.A.;8600029644;2;1;1;1;2;1;293;0;1018870000;VP2
25392;1;2;16;Banco De Bogota S.A.;8600029644;2;1;1;1;2;1;267;0;2013660000;VP2
25392;1;2;10;Ministerio De Hacienda Y Credito Publico;8999990902;2;1;1;1;4;9;259;0;1015110000;VP2
25392;1;2;10;Ministerio De Hacienda Y Credito Publico;8999990902;2;1;1;1;4;9;243;0;2070360000;VP2
25392;1;2;10;Ministerio De Hacienda Y Credito Publico;8999990902;2;1;1;1;4;9;243;0;2070360000;VP2
25392;1;2;10;Ministerio De Hacienda Y Credito Publico;8999990902;2;1;1;1;4;9;259;0;5075550000;VP2
25392;1;2;10;Ministerio De Hacienda Y Credito Publico;8999990902;2;1;1;1;4;9;243;0;2070360000;VP2
25392;1;2;10;Ministerio De Hacienda Y Credito Publico;8999990902;2;1;1;1;4;9;13;0;539135000;VP2
25392;1;2;10;Ministerio De Hacienda Y Credito Publico;8999990902;2;1;1;1;4;9;13;0;2156540000;VP2
25392;1;2;10;Ministerio De Hacienda Y Credito Publico;8999990902;2;1;1;1;4;9;27;0;1048800000;VP2
25392;1;2;10;Ministerio De Hacienda Y Credito Publico;8999990902;2;1;1;1;4;9;13;0;1617405000;VP2
25392;1;2;10;Ministerio De Hacienda Y Credito Publico;8999990902;2;1;1;1;4;9;13;0;4313080000;VP2
25392;1;2;10;Ministerio De Hacienda Y Credito Publico;8999990902;2;1;1;1;4;9;13;0;2156540000;VP2
25392;1;2;3;Banco Davivienda S.A.;8600343137;2;1;1;1;2;1;56;0;1003270000;VP2
25392;1;2;16;Banco De Occidente S.A.;8903002794;2;1;1;1;2;1;93;0;2518750000;VP2
25392;1;2;16;Leasing Bancolombia S.A. C.F.;8600592943;2;1;1;1;2;1;6;0;502445000;VP2
25392;1;2;16;Financiera De Desarrollo Territorial S.A. Findeter;8000963291;2;1;1;1;2;1;126;0;1007260000;VP2
25392;1;2;16;Bbva Colombia S.A.;8600030201;2;1;1;1;2;1;557;0;507250000;VP2
25392;1;2;16;Leasing Bancolombia S.A. C.F.;8600592943;2;1;1;1;2;1;150;0;1004160000;VP2
25392;1;2;16;Banco De Bogota S.A.;8600029644;2;1;1;1;2;1;204;0;501055000;VP2
25392;1;2;16;Banco De Bogota S.A.;8600029644;2;1;1;1;2;1;28;0;500580000;VP2
25392;1;2;3;Banco Davivienda S.A.;8600343137;2;1;1;1;2;1;577;0;1002760000;VP2
25392;1;1;16;Corporacion Financiera Colombiana S.A.;8903006536;2;1;1;1;2;1;304;0;499535000;VP2
25392;1;2;16;Leasing Bancolombia S.A. C.F.;8600592943;2;1;1;1;2;1;216;0;1007550000;VP2
25392;1;2;3;Banco Popular S.A.;8600077389;2;1;1;1;2;1;582;0;503835000;VP2
25392;1;2;3;Banco De Occidente S.A.;8903002794;2;1;1;1;2;1;226;0;500875000;VP2
25392;1;2;16;Banco Av Villas S.A.;8600358275;2;1;1;1;2;1;63;0;1508400000;VP2
25392;1;2;3;Leasing Bancolombia S.A. C.F.;8600592943;2;1;1;1;2;1;646;0;577898000;VP2
25392;1;2;16;Financiera De Desarrollo Territorial S.A. Findeter;8000963291;2;1;1;1;2;1;421;0;496510000;VP2
25392;1;1;16;Corporacion Financiera Colombiana S.A.;8903006536;2;1;1;1;2;1;427;0;499195000;VP2
25392;1;2;16;Banco Gnb Sudameris S.A.;8600507501;2;1;1;1;2;1;428;0;998180000;VP2
25392;1;2;16;Bbva Colombia S.A.;8600030201;2;1;1;1;2;1;240;0;998650000;VP2
25392;1;2;16;Banco Gnb Sudameris S.A.;8600507501;2;1;1;1;2;1;341;0;1002020000;VP2
25392;1;2;16;Banco Popular S.A.;8600077389;2;1;1;1;2;1;99;0;1006660000;VP2
25392;1;2;16;Banco Colpatria Multibanca Colpatria S.A.;8600345941;2;1;1;1;2;1;351;0;3005340000;VP2
25392;2;2;0;Banco De Bogota S.A.;8600029644;0;0;0;0;0;0;0;0;4086562960.33;vp2
25392;2;2;0;Banco Corpbanca Colombia S.A;8909039370;0;0;0;0;0;0;0;0;11378118465.87;vp2
25392;2;2;0;Bancolombia S.A.;8909039388;0;0;0;0;0;0;0;0;0;vp2
25392;2;2;0;Citibank Colombia S.A.;8600511354;0;0;0;0;0;0;0;0;948958520.77;vp2
25392;2;2;0;Banco Gnb Sudameris S.A.;8600507501;0;0;0;0;0;0;0;0;10762323966.78;vp2
25392;2;2;0;Bbva Colombia S.A.;8600030201;0;0;0;0;0;0;0;0;4863594480.51;vp2
25392;2;2;0;Helm Bank;8600076603;0;0;0;0;0;0;0;0;15672965060.56;vp2
25392;2;2;0;Banco Colpatria Multibanca Colpatria S.A.;8600345941;0;0;0;0;0;0;0;0;8202968913.42;vp2
25392;2;2;0;Banco De Occidente S.A.;8903002794;0;0;0;0;0;0;0;0;5996108698.65;vp2
25392;2;2;0;Banco Caja Social;8600073354;0;0;0;0;0;0;0;0;3363130041.77;vp2
25392;2;2;0;Banco Agrario De Colombia S.A;8000378008;0;0;0;0;0;0;0;0;341562508.02;vp2
25392;2;2;0;Banco Davivienda S.A.;8600343137;0;0;0;0;0;0;0;0;1209800563.97;vp2
25392;2;2;0;Banco Av Villas S.A.;8600358275;0;0;0;0;0;0;0;0;6315568380.41;vp2
25392;2;2;0;Cititrust Colombia S.A.;8001468148;0;0;0;0;0;0;0;0;0;vp2
25392;2;1;0;Corporacion Financiera Colombiana S.A.;8903006536;0;0;0;0;0;0;0;0;17259888596.4;vp2
25392;2;2;0;Confiar Cooperativa Financiera;8909813951;0;0;0;0;0;0;0;0;4755858342.71;vp2
30383;1;2;16;Helm Bank;8600076603;2;1;1;1;2;1;59;0;506215000;vp3
30383;1;2;16;Banco Corpbanca Colombia S.A;8909039370;2;1;1;1;2;1;105;0;507160000;vp3
30383;1;2;16;Banco Corpbanca Colombia S.A;8909039370;2;1;1;1;2;1;208;0;3011400000;vp3
30383;1;2;16;Banco Corpbanca Colombia S.A;8909039370;2;1;1;1;2;1;38;0;2014500000;vp3
30383;1;2;16;Banco Corpbanca Colombia S.A;8909039370;2;1;1;1;2;1;41;0;2038400000;vp3
30383;1;2;16;Banco Popular S.A.;8600077389;2;1;1;1;2;1;246;0;2990700000;vp3
30383;1;2;16;Banco Falabella S.A.;9000479818;2;1;1;1;2;1;92;0;499935000;vp3
30383;1;2;16;Bancolombia S.A.;8909039388;2;1;1;1;2;1;111;0;504020000;vp3
30383;1;2;16;Banco Corpbanca Colombia S.A;8909039370;2;1;1;1;2;1;81;0;5044700000;vp3
30383;1;2;16;Banco De Bogota S.A.;8600029644;2;1;1;1;2;1;479;0;1010040000;vp3
30383;1;2;16;Banco Corpbanca Colombia S.A;8909039370;2;1;1;1;2;1;4;0;2592800000;vp3
30383;1;2;16;Bancolombia S.A.;8909039388;2;1;1;1;2;1;191;0;1022710000;vp3
30383;1;2;16;Banco Davivienda S.A.;8600343137;2;1;1;1;2;1;218;0;502760000;vp3
30383;1;2;16;Banco Davivienda S.A.;8600343137;2;1;1;1;2;1;82;0;1004390000;vp3
30383;1;2;16;Banco De Bogota S.A.;8600029644;2;1;1;1;2;1;22;0;1517145000;vp3
30383;1;2;16;Banco De Bogota S.A.;8600029644;2;1;1;1;2;1;22;0;1517145000;vp3
30383;1;2;16;Banco Colpatria Multibanca Colpatria S.A.;8600345941;2;1;1;1;2;1;5;0;1020110000;vp3
30383;1;2;16;Banco Av Villas S.A.;8600358275;2;1;1;1;2;1;7;0;5061400000;vp3
30383;1;2;16;Banco De Bogota S.A.;8600029644;2;1;1;1;2;1;203;0;2036600000;vp3
30383;1;2;16;Banco Colpatria Multibanca Colpatria S.A.;8600345941;2;1;1;1;2;1;58;0;5085400000;vp3
30383;1;2;16;Banco Corpbanca Colombia S.A;8909039370;2;1;1;1;2;1;49;0;5034750000;vp3
30383;1;2;16;Bancolombia S.A.;8909039388;2;1;1;1;2;1;252;0;505805000;vp3
30383;1;2;16;Banco Corpbanca Colombia S.A;8909039370;2;1;1;1;2;1;55;0;2009860000;vp3
30383;1;2;16;Banco Gnb Sudameris S.A.;8600507501;2;1;1;1;2;1;29;0;4035560000;vp3
30383;1;2;16;Banco Agrario De Colombia S.A;8000378008;2;1;1;1;2;1;64;0;5077100000;vp3
30383;1;2;16;Banco Corpbanca Colombia S.A;8909039370;2;1;1;1;2;1;105;0;10143200000;vp3
30383;1;2;16;Banco Corpbanca Colombia S.A;8909039370;2;1;1;1;2;1;105;0;5071600000;vp3
30383;1;2;16;Financiera De Desarrollo Territorial S.A. Findeter;8000963291;2;1;1;1;2;1;101;0;2028640000;vp3
30383;1;2;16;Banco De Bogota S.A.;8600029644;2;1;1;1;2;1;325;0;1011150000;vp3
30383;1;2;16;Banco Gnb Sudameris S.A.;8600507501;2;1;1;1;2;1;99;0;1011170000;vp3
30383;1;2;16;Bancolombia S.A.;8909039388;2;1;1;1;2;1;191;0;4090840000;vp3
30383;1;2;16;Bancolombia S.A.;8909039388;2;1;1;1;2;1;182;0;1007060000;vp3
30383;1;2;16;Bancolombia S.A.;8909039388;2;1;1;1;2;1;191;0;511355000;vp3
30383;1;2;16;Banco Davivienda S.A.;8600343137;2;1;1;1;2;1;107;0;1023440000;vp3
30383;1;2;16;Banco Corpbanca Colombia S.A;8909039370;2;1;1;1;2;1;234;0;1005400000;vp3
30383;1;2;16;Bancolombia S.A.;8909039388;2;1;1;1;2;1;225;0;1014760000;vp3
30383;1;2;16;Banco Agrario De Colombia S.A;8000378008;2;1;1;1;2;1;124;0;5010300000;vp3
30383;1;2;16;Banco Agrario De Colombia S.A;8000378008;2;1;1;1;2;1;152;0;5011800000;vp3
30383;1;2;16;Banco De Bogota S.A.;8600029644;2;1;1;1;2;1;312;0;1014220000;vp3
30383;1;2;16;Banco De Bogota S.A.;8600029644;2;1;1;1;2;1;209;0;508755000;vp3
30383;1;2;16;Banco Davivienda S.A.;8600343137;2;1;1;1;2;1;307;0;2034740000;vp3
30383;1;2;16;Banco De Comercio Ext. De Colombia S.A. Bancoldex;8001499236;2;1;1;1;2;1;273;0;499445000;vp3
30383;1;2;16;Bancolombia S.A.;8909039388;2;1;1;1;2;1;183;0;3072750000;vp3
30383;1;2;16;Banco Davivienda S.A.;8600343137;2;1;1;1;2;1;343;0;3017430000;vp3
30383;1;2;16;Bancolombia S.A.;8909039388;2;1;1;1;2;1;344;0;5020750000;vp3
30383;1;2;16;Bancolombia S.A.;8909039388;2;1;1;1;2;1;20;0;15141600000;vp3
30383;1;2;16;Banco Av Villas S.A.;8600358275;2;1;1;1;2;1;27;0;5045050000;vp3
30383;1;2;16;Banco De Bogota S.A.;8600029644;2;1;1;1;2;1;204;0;501055000;vp3
30383;1;2;16;Financiera De Desarrollo Territorial S.A. Findeter;8000963291;2;1;1;1;2;1;421;0;496510000;vp3
30383;1;2;16;Banco Gnb Sudameris S.A.;8600507501;2;1;1;1;2;1;41;0;5027450000;vp3
30383;1;2;16;Financiera De Desarrollo Territorial S.A. Findeter;8000963291;2;1;1;1;2;1;126;0;503630000;vp3
30383;1;2;16;Banco Gnb Sudameris S.A.;8600507501;2;1;1;1;2;1;91;0;1002240000;vp3
30383;1;2;16;Banco De Bogota S.A.;8600029644;2;1;1;1;2;1;22;0;2004200000;vp3
30383;1;2;16;Financiera De Desarrollo Territorial S.A. Findeter;8000963291;2;1;1;1;2;1;2;0;2010540000;vp3
30383;1;2;16;Banco De Comercio Ext. De Colombia S.A. Bancoldex;8001499236;2;1;1;1;2;1;56;0;501635000;vp3
30383;1;2;16;Banco De Comercio Ext. De Colombia S.A. Bancoldex;8001499236;2;1;1;1;2;1;69;0;1006940000;vp3
30383;1;2;16;Banco De Bogota S.A.;8600029644;2;1;1;1;2;1;28;0;1001160000;vp3
30383;1;2;16;Banco Davivienda S.A.;8600343137;2;1;1;1;2;1;100;0;4025360000;vp3
30383;1;2;16;Banco De Bogota S.A.;8600029644;2;1;1;1;2;1;28;0;2002320000;vp3
30383;1;2;16;Banco De Bogota S.A.;8600029644;2;1;1;1;2;1;28;0;2002320000;vp3
30383;1;2;16;Banco De Bogota S.A.;8600029644;2;1;1;1;2;1;28;0;5005800000;vp3
30383;1;2;16;Banco De Bogota S.A.;8600029644;2;1;1;1;2;1;209;0;1499700000;vp3
30383;1;2;16;Bbva Colombia S.A.;8600030201;2;1;1;1;2;1;240;0;998650000;vp3
30383;1;2;16;Banco De Bogota S.A.;8600029644;2;1;1;1;2;1;324;0;4998800000;vp3
30383;1;2;16;Financiera De Desarrollo Territorial S.A. Findeter;8000963291;2;1;1;1;2;1;126;0;3021780000;vp3
30383;1;2;16;Banco Colpatria Multibanca Colpatria S.A.;8600345941;2;1;1;1;2;1;351;0;3005340000;vp3
30383;1;2;16;Bbva Colombia S.A.;8600030201;2;1;1;1;2;1;41;0;1005390000;vp3
30383;1;2;10;Ministerio De Hacienda Y Credito Publico;8999990902;2;1;1;1;4;9;579;0;2393173383.98;vp3
30383;1;2;10;Ministerio De Hacienda Y Credito Publico;8999990902;2;1;1;1;4;9;27;0;2097600000;vp3
30383;1;2;10;Ministerio De Hacienda Y Credito Publico;8999990902;2;1;1;1;4;9;259;0;507555000;vp3
30383;1;2;10;Ministerio De Hacienda Y Credito Publico;8999990902;2;1;1;1;4;9;27;0;4195200000;vp3
30383;1;2;10;Ministerio De Hacienda Y Credito Publico;8999990902;2;1;1;1;4;9;13;0;4313080000;vp3
30383;1;2;10;Ministerio De Hacienda Y Credito Publico;8999990902;2;1;1;1;4;9;13;0;5391350000;vp3
30383;1;2;10;Ministerio De Hacienda Y Credito Publico;8999990902;2;1;1;1;4;9;13;0;5391350000;vp3
30383;1;2;10;Ministerio De Hacienda Y Credito Publico;8999990902;2;1;1;1;4;9;27;0;5244000000;vp3
30383;1;2;10;Ministerio De Hacienda Y Credito Publico;8999990902;2;1;1;1;4;9;27;0;5244000000;vp3
30383;1;2;10;Ministerio De Hacienda Y Credito Publico;8999990902;2;1;1;1;4;9;243;0;517590000;vp3
30383;1;2;10;Ministerio De Hacienda Y Credito Publico;8999990902;2;1;1;1;4;9;13;0;2695675000;vp3
30383;2;2;0;Banco De Bogota S.A.;8600029644;0;0;0;0;0;0;0;0;71774662427.21;vp3
30383;2;2;0;Banco Corpbanca Colombia S.A;8909039370;0;0;0;0;0;0;0;0;26801174883.54;vp3
30383;2;2;0;Bancolombia S.A.;8909039388;0;0;0;0;0;0;0;0;10517812997.12;vp3
30383;2;2;0;Citibank Colombia S.A.;8600511354;0;0;0;0;0;0;0;0;316876844.36;vp3
30383;2;2;0;Banco Gnb Sudameris S.A.;8600507501;0;0;0;0;0;0;0;0;10500175737.09;vp3
30383;2;2;0;Bbva Colombia S.A.;8600030201;0;0;0;0;0;0;0;0;3976080222;vp3
30383;2;2;0;Helm Bank;8600076603;0;0;0;0;0;0;0;0;55600446086.3;vp3
30383;2;2;0;Banco Colpatria Multibanca Colpatria S.A.;8600345941;0;0;0;0;0;0;0;0;8580177606.25;vp3
30383;2;2;0;Banco De Occidente S.A.;8903002794;0;0;0;0;0;0;0;0;1144561967.99;vp3
30383;2;2;0;Banco Caja Social;8600073354;0;0;0;0;0;0;0;0;314869390.85;vp3
30383;2;2;0;Banco Davivienda S.A.;8600343137;0;0;0;0;0;0;0;0;4796179244.89;vp3
30383;2;2;0;Banco Av Villas S.A.;8600358275;0;0;0;0;0;0;0;0;1783199465.62;vp3
30385;1;2;16;Banco De Comercio Ext. De Colombia S.A. Bancoldex;8001499236;2;1;1;1;2;1;45;0;502395000;vp4
30385;1;2;3;Banco Davivienda S.A.;8600343137;2;1;1;1;2;1;56;0;501635000;vp4
30385;1;1;16;Corporacion Financiera Colombiana S.A.;8903006536;2;1;1;1;2;1;22;0;501130000;vp4
30385;1;2;3;Banco Davivienda S.A.;8600343137;2;1;1;1;2;1;577;0;501380000;vp4
30385;1;2;16;Leasing Bancolombia S.A. C.F.;8600592943;2;1;1;1;2;1;216;0;503775000;vp4
30385;1;1;16;Corporacion Financiera Colombiana S.A.;8903006536;2;1;1;1;2;1;430;0;997230000;vp4
30385;1;2;16;Banco Davivienda S.A.;8600343137;2;1;1;1;2;1;233;0;999870000;vp4
30385;1;2;16;Banco De Bogota S.A.;8600029644;2;1;1;1;2;1;121;0;1000520000;vp4
30385;1;2;16;Banco Gnb Sudameris S.A.;8600507501;2;1;1;1;2;1;341;0;501010000;vp4
30385;1;2;16;Banco De Comercio Ext. De Colombia S.A. Bancoldex;8001499236;2;1;1;1;2;1;252;0;2002500000;vp4
30385;1;2;16;Banco De Bogota S.A.;8600029644;2;1;1;1;2;1;28;0;1001160000;vp4
30385;1;2;10;Ministerio De Hacienda Y Credito Publico;8999990902;2;1;1;1;4;9;27;0;1048800000;vp4
30385;1;2;10;Ministerio De Hacienda Y Credito Publico;8999990902;2;1;1;1;4;9;13;0;3234810000;vp4
30385;1;2;16;Banco Corpbanca Colombia S.A;8909039370;2;1;1;1;2;1;46;0;1007890000;vp4
30385;1;2;16;Banco Davivienda S.A.;8600343137;2;1;1;1;2;1;7;0;510015000;vp4
30385;1;2;16;Financiera De Desarrollo Territorial S.A. Findeter;8000963291;2;1;1;1;2;1;163;0;501695000;vp4
30385;1;1;16;Leasing Corficolombiana S.A.;8000247028;2;1;1;1;2;1;178;0;505120000;vp4
30385;1;1;16;Corporacion Financiera Colombiana S.A.;8903006536;2;1;1;1;2;1;168;0;505160000;vp4
30385;1;1;16;Corporacion Financiera Colombiana S.A.;8903006536;2;1;1;1;2;1;168;0;505160000;vp4
30385;1;1;16;Corporacion Financiera Colombiana S.A.;8903006536;2;1;1;1;2;1;168;0;505160000;vp4
30385;1;1;16;Corporacion Financiera Colombiana S.A.;8903006536;2;1;1;1;2;1;137;0;1013350000;vp4
30385;1;2;16;Hsbc Colombia S.A.;8600509309;2;1;1;1;2;1;122;0;504980000;vp4
30385;1;2;16;Banco De Bogota S.A.;8600029644;2;1;1;1;2;1;323;0;502935000;vp4
30385;1;2;3;Banco Davivienda S.A.;8600343137;2;1;1;1;2;1;359;0;570690810;vp4
30385;1;2;16;Banco Pichincha S.A.;8902007567;2;1;1;1;2;1;30;0;505075000;vp4
30385;1;2;16;Banco Pichincha S.A.;8902007567;2;1;1;1;2;1;211;0;504950000;vp4
30385;1;2;16;Banco De Bogota S.A.;8600029644;2;1;1;1;2;1;379;0;502780000;vp4
30385;1;2;16;Leasing Bancolombia S.A. C.F.;8600592943;2;1;1;1;2;1;39;0;509905000;vp4
30385;1;1;16;Corporacion Financiera Colombiana S.A.;8903006536;2;1;1;1;2;1;194;0;506220000;vp4
30385;1;2;16;Banco De Bogota S.A.;8600029644;2;1;1;1;2;1;473;0;1011280000;vp4
30385;1;2;16;Bancolombia S.A.;8909039388;2;1;1;1;2;1;111;0;504020000;vp4
30385;1;2;16;Banco Corpbanca Colombia S.A;8909039370;2;1;1;1;2;1;81;0;5549170000;vp4
30385;1;2;3;Banco Davivienda S.A.;8600343137;2;1;1;1;2;1;113;0;2065680000;vp4
30385;1;2;16;Banco Gnb Sudameris S.A.;8600507501;2;1;1;1;2;1;118;0;503790000;vp4
30385;1;1;16;Corporacion Financiera Colombiana S.A.;8903006536;2;1;1;1;2;1;119;0;503520000;vp4
30385;1;2;16;Banco De Bogota S.A.;8600029644;2;1;1;1;2;1;203;0;1018300000;vp4
30385;1;2;16;Banco Davivienda S.A.;8600343137;2;1;1;1;2;1;307;0;1017370000;vp4
30385;1;2;16;Banco Davivienda S.A.;8600343137;2;1;1;1;2;1;343;0;1005810000;vp4
30385;1;2;16;Bancolombia S.A.;8909039388;2;1;1;1;2;1;344;0;502075000;vp4
30385;1;2;16;Banco Av Villas S.A.;8600358275;2;1;1;1;2;1;349;0;1006050000;vp4
30385;1;2;16;Banco De Bogota S.A.;8600029644;2;1;1;1;2;1;3;0;1521150000;vp4
30385;1;2;16;Bancolombia S.A.;8909039388;2;1;1;1;2;1;28;0;1008380000;vp4
30385;1;2;16;Banco Colpatria Multibanca Colpatria S.A.;8600345941;2;1;1;1;2;1;27;0;504620000;vp4
30385;1;2;10;Ministerio De Hacienda Y Credito Publico;8999990902;2;1;1;1;4;9;13;0;539135000;vp4
30385;1;2;10;Ministerio De Hacienda Y Credito Publico;8999990902;2;1;1;1;4;9;13;0;539135000;vp4
30385;1;2;10;Ministerio De Hacienda Y Credito Publico;8999990902;2;1;1;1;4;9;13;0;539135000;vp4
30385;1;2;10;Ministerio De Hacienda Y Credito Publico;8999990902;2;1;1;1;4;9;243;0;1035180000;vp4
30385;2;2;0;Banco De Bogota S.A.;8600029644;0;0;0;0;0;0;0;0;17369102392.35;vp4
30385;2;2;0;Banco Corpbanca Colombia S.A;8909039370;0;0;0;0;0;0;0;0;1632818978.53;vp4
30385;2;2;0;Bancolombia S.A.;8909039388;0;0;0;0;0;0;0;0;751223274.41;vp4
30385;2;2;0;Citibank Colombia S.A.;8600511354;0;0;0;0;0;0;0;0;173544968.97;vp4
30385;2;2;0;Banco Gnb Sudameris S.A.;8600507501;0;0;0;0;0;0;0;0;1980251143.5;vp4
30385;2;2;0;Bbva Colombia S.A.;8600030201;0;0;0;0;0;0;0;0;170436666;vp4
30385;2;2;0;Helm Bank;8600076603;0;0;0;0;0;0;0;0;3177975192.13;vp4
30385;2;2;0;Banco Colpatria Multibanca Colpatria S.A.;8600345941;0;0;0;0;0;0;0;0;2078480763.26;vp4
30385;2;2;0;Banco De Occidente S.A.;8903002794;0;0;0;0;0;0;0;0;12740910711.26;vp4
30385;2;2;0;Banco Caja Social;8600073354;0;0;0;0;0;0;0;0;57104205.75;vp4
30385;2;2;0;Banco Davivienda S.A.;8600343137;0;0;0;0;0;0;0;0;212138433.81;vp4
30385;2;2;0;Banco Av Villas S.A.;8600358275;0;0;0;0;0;0;0;0;121493174.28;vp4
30385;2;2;0;Banco Santander De Negocios Colombia S.A.;9006281103;0;0;0;0;0;0;0;0;104635863.41;vp4
30385;2;2;0;Cititrust Colombia S.A.;8001468148;0;0;0;0;0;0;0;0;0;vp4
30385;2;1;0;Corporacion Financiera Colombiana S.A.;8903006536;0;0;0;0;0;0;0;0;4640383580;vp4
9644;1;2;16;Bancolombia Panamá S.A.                           ;92914910597;2;1;1;2;2;1;283;0;1460296373.05;RP
9644;1;2;9;Ministerio De Hacienda Y Credito Publico;8999990902;1;1;1;1;4;9;26;0;293732735.91;RP
9644;1;2;9;Ministerio De Hacienda Y Credito Publico;8999990902;1;1;1;1;4;9;61;0;310406540.08;RP
9644;1;2;9;Ministerio De Hacienda Y Credito Publico;8999990902;1;1;1;1;4;9;89;0;287494085.09;RP
9644;1;2;16;Banco De Bogota S.A.;8600029644;2;1;1;1;2;1;185;0;1003330000;RP
9644;1;2;3;Banco Davivienda S.A.;8600343137;2;1;1;1;2;1;56;0;501635000;RP
9644;1;2;16;Leasing Bancolombia S.A. C.F.;8600592943;2;1;1;1;2;1;6;0;502445000;RP
9644;1;2;16;Bbva Colombia S.A.;8600030201;2;1;1;1;2;1;557;0;1014500000;RP
9644;1;2;16;Leasing Bancolombia S.A. C.F.;8600592943;2;1;1;1;2;1;150;0;1004160000;RP
9644;1;2;16;Banco De Bogota S.A.;8600029644;2;1;1;1;2;1;204;0;1002110000;RP
9644;1;2;3;Banco Davivienda S.A.;8600343137;2;1;1;1;2;1;577;0;1002760000;RP
9644;1;2;3;Banco Davivienda S.A.;8600343137;2;1;1;1;2;1;577;0;1002760000;RP
9644;1;1;16;Corporacion Financiera Colombiana S.A.;8903006536;2;1;1;1;2;1;304;0;499535000;RP
9644;1;1;16;Corporacion Financiera Colombiana S.A.;8903006536;2;1;1;1;2;1;151;0;500615000;RP
9644;1;2;16;Leasing Bancolombia S.A. C.F.;8600592943;2;1;1;1;2;1;216;0;1007550000;RP
9644;1;2;3;Banco Popular S.A.;8600077389;2;1;1;1;2;1;582;0;503835000;RP
9644;1;2;3;Banco Popular S.A.;8600077389;2;1;1;1;2;1;582;0;503835000;RP
9644;1;2;3;Leasing Bancolombia S.A. C.F.;8600592943;2;1;1;1;2;1;646;0;577898000;RP
9644;1;2;3;Leasing Bancolombia S.A. C.F.;8600592943;2;1;1;1;2;1;646;0;427142000;RP
9644;1;2;16;Banco Gnb Sudameris S.A.;8600507501;2;1;1;1;2;1;428;0;499090000;RP
9644;1;1;16;Corporacion Financiera Colombiana S.A.;8903006536;2;1;1;1;2;1;430;0;997230000;RP
9644;1;2;16;Banco Davivienda S.A.;8600343137;2;1;1;1;2;1;92;0;1001750000;RP
9644;1;2;16;Banco Corpbanca Colombia S.A;8909039370;2;1;1;1;2;1;455;0;512185000;RP
9644;1;2;16;Banco Corpbanca Colombia S.A;8909039370;2;1;1;1;2;1;46;0;2015780000;RP
9644;1;2;3;Leasing Bancolombia S.A. C.F.;8600592943;2;1;1;1;2;1;514;0;1020390000;RP
9644;1;2;16;Helm Bank;8600076603;2;1;1;1;2;1;59;0;506215000;RP
9644;1;2;16;Banco Colpatria Multibanca Colpatria S.A.;8600345941;2;1;1;1;2;1;315;0;515700000;RP
9644;1;2;16;Financiera De Desarrollo Territorial S.A. Findeter;8000963291;2;1;1;1;2;1;640;0;522190000;RP
9644;1;2;16;Financiera De Desarrollo Territorial S.A. Findeter;8000963291;2;1;1;1;2;1;163;0;1003390000;RP
9644;1;2;16;Bancolombia S.A.;8909039388;2;1;1;1;2;1;178;0;1008990000;RP
9644;1;1;16;Leasing Corficolombiana S.A.;8000247028;2;1;1;1;2;1;178;0;1010240000;RP
9644;1;1;16;Corporacion Financiera Colombiana S.A.;8903006536;2;1;1;1;2;1;122;0;507995000;RP
9644;1;1;16;Corporacion Financiera Colombiana S.A.;8903006536;2;1;1;1;2;1;137;0;1013350000;RP
9644;1;2;16;Bbva Colombia S.A.;8600030201;2;1;1;1;2;1;290;0;1011780000;RP
9644;1;2;16;Banco De Bogota S.A.;8600029644;2;1;1;1;2;1;323;0;1005870000;RP
9644;1;2;3;Banco Pichincha S.A.;8902007567;2;1;1;1;2;1;175;0;1006060000;RP
9644;1;2;3;Banco Pichincha S.A.;8902007567;2;1;1;1;2;1;175;0;1006060000;RP
9644;1;2;3;Banco Davivienda S.A.;8600343137;2;1;1;1;2;1;359;0;856534200;RP
9644;1;2;16;Banco Pichincha S.A.;8902007567;2;1;1;1;2;1;211;0;1009900000;RP
9644;1;2;16;Banco Gnb Sudameris S.A.;8600507501;2;1;1;1;2;1;406;0;502895000;RP
9644;1;2;16;Banco Procredit Colombia S.A.;9002009609;2;1;1;1;2;1;230;0;506415000;RP
9644;1;1;16;Leasing Corficolombiana S.A.;8000247028;2;1;1;1;2;1;237;0;1012930000;RP
9644;1;2;16;Banco De Bogota S.A.;8600029644;2;1;1;1;2;1;169;0;504820000;RP
9644;1;2;16;Banco Davivienda S.A.;8600343137;2;1;1;1;2;1;245;0;506055000;RP
9644;1;2;16;Banco Santander De Negocios Colombia S.A.;9006281103;2;1;1;1;2;1;286;0;1008220000;RP
9644;1;2;16;Leasing Bancoldex S.A. Compað?A De Financiamiento;8002253859;2;1;1;1;2;1;309;0;1511310000;RP
9644;1;2;16;Leasing Bancolombia S.A. C.F.;8600592943;2;1;1;1;2;1;497;0;498625000;RP
9644;1;2;16;Banco De Bogota S.A.;8600029644;2;1;1;1;2;1;379;0;1005560000;RP
9644;1;2;16;Banco Pichincha S.A.;8902007567;2;1;1;1;2;1;389;0;2023820000;RP
9644;1;1;16;Corporacion Financiera Colombiana S.A.;8903006536;2;1;1;1;2;1;403;0;3010080000;RP
9644;1;1;16;Leasing Corficolombiana S.A.;8000247028;2;1;1;1;2;1;222;0;507470000;RP
9644;1;2;16;Banco Finandina S.A.;8600518946;2;1;1;1;2;1;409;0;999540000;RP
9644;1;2;16;Leasing Bancolombia S.A. C.F.;8600592943;2;1;1;1;2;1;231;0;1505325000;RP
9644;1;1;16;Corporacion Financiera Colombiana S.A.;8903006536;2;1;1;1;2;1;230;0;1005820000;RP
9644;1;2;16;Leasing Bancolombia S.A. C.F.;8600592943;2;1;1;1;2;1;237;0;999640000;RP
9644;1;1;16;Corporacion Financiera Colombiana S.A.;8903006536;2;1;1;1;2;1;173;0;1011480000;RP
9644;1;1;16;Corporacion Financiera Colombiana S.A.;8903006536;2;1;1;1;2;1;181;0;505045000;RP
9644;1;1;16;Corporacion Financiera Colombiana S.A.;8903006536;2;1;1;1;2;1;194;0;1012440000;RP
9644;1;2;16;Banco De Bogota S.A.;8600029644;2;1;1;1;2;1;473;0;1011280000;RP
9644;1;2;16;Bancolombia S.A.;8909039388;2;1;1;1;2;1;111;0;1008040000;RP
9644;1;2;16;Banco De Bogota S.A.;8600029644;2;1;1;1;2;1;479;0;1010040000;RP
9644;1;2;16;Banco Gnb Sudameris S.A.;8600507501;2;1;1;1;2;1;118;0;503790000;RP
9644;1;2;16;Bancolombia S.A.;8909039388;2;1;1;1;2;1;191;0;1022710000;RP
9644;1;2;16;Bancolombia S.A.;8909039388;2;1;1;1;2;1;253;0;1011410000;RP
9644;1;2;3;Banco De Occidente S.A.;8903002794;2;1;1;1;2;1;166;0;1025650000;RP
9644;1;2;16;Banco Davivienda S.A.;8600343137;2;1;1;1;2;1;318;0;510480000;RP
9644;1;2;16;Banco Davivienda S.A.;8600343137;2;1;1;1;2;1;307;0;1017370000;RP
9644;1;2;16;Bancolombia S.A.;8909039388;2;1;1;1;2;1;344;0;502075000;RP
9644;1;2;10;Ministerio De Hacienda Y Credito Publico;8999990902;2;1;1;1;4;9;243;0;1552770000;RP
9644;2;2;0;Banco De Bogota S.A.;8600029644;0;0;0;0;0;0;0;0;2203694973.44;RP
9644;2;2;0;Banco Popular S.A.;8600077389;0;0;0;0;0;0;0;0;1486717132.9;RP
9644;2;2;0;Banco Corpbanca Colombia S.A;8909039370;0;0;0;0;0;0;0;0;1825168909.73;RP
9644;2;2;0;Bancolombia S.A.;8909039388;0;0;0;0;0;0;0;0;11025092291.94;RP
9644;2;2;0;Citibank Colombia S.A.;8600511354;0;0;0;0;0;0;0;0;389053508.86;RP
9644;2;2;0;Bbva Colombia S.A.;8600030201;0;0;0;0;0;0;0;0;613289325.93;RP
9644;2;2;0;Helm Bank;8600076603;0;0;0;0;0;0;0;0;8167516004.72;RP
9644;2;2;0;Banco Colpatria Multibanca Colpatria S.A.;8600345941;0;0;0;0;0;0;0;0;1706695175.15;RP
9644;2;2;0;Banco De Occidente S.A.;8903002794;0;0;0;0;0;0;0;0;1462031631.7;RP
9644;2;2;0;Banco Caja Social;8600073354;0;0;0;0;0;0;0;0;876039506.62;RP
9644;2;2;0;Banco Agrario De Colombia S.A;8000378008;0;0;0;0;0;0;0;0;101595074;RP
9644;2;2;0;Banco Davivienda S.A.;8600343137;0;0;0;0;0;0;0;0;2032487847.75;RP
9644;2;2;0;Banco Av Villas S.A.;8600358275;0;0;0;0;0;0;0;0;2011989501.03;RP
9644;2;2;0;Banco Santander De Negocios Colombia S.A.;9006281103;0;0;0;0;0;0;0;0;419202869.9;RP
9644;2;2;0;Banco Cooperativo Coopcentral;8902030889;0;0;0;0;0;0;0;0;573402469;RP
9644;2;2;0;Cititrust Colombia S.A.;8001468148;0;0;0;0;0;0;0;0;0;RP
9644;2;1;0;Corporacion Financiera Colombiana S.A.;8903006536;0;0;0;0;0;0;0;0;1396769273.57;RP
9645;1;2;3;Leasing Bancolombia S.A. C.F.;8600592943;2;1;1;1;2;1;514;0;510195000;QPL
9645;1;2;16;Financiera De Desarrollo Territorial S.A. Findeter;8000963291;2;1;1;1;2;1;375;0;518885000;QPL
9645;1;2;16;Financiera De Desarrollo Territorial S.A. Findeter;8000963291;2;1;1;1;2;1;163;0;501695000;QPL
9645;1;1;16;Leasing Corficolombiana S.A.;8000247028;2;1;1;1;2;1;178;0;505120000;QPL
9645;1;2;16;Bancolombia S.A.;8909039388;2;1;1;1;2;1;252;0;505805000;QPL
9645;1;2;3;Banco Pichincha S.A.;8902007567;2;1;1;1;2;1;175;0;503030000;QPL
9645;1;2;3;Banco Davivienda S.A.;8600343137;2;1;1;1;2;1;359;0;284847420;QPL
9645;1;2;16;Banco Pichincha S.A.;8902007567;2;1;1;1;2;1;211;0;504950000;QPL
9645;1;2;16;Banco Procredit Colombia S.A.;9002009609;2;1;1;1;2;1;48;0;504290000;QPL
9645;1;2;16;Banco Cooperativo Coopcentral;8902030889;2;1;1;1;2;1;27;0;366068500;QPL
9645;1;1;16;Corporacion Financiera Colombiana S.A.;8903006536;2;1;1;1;2;1;403;0;1003360000;QPL
9645;1;1;16;Corporacion Financiera Colombiana S.A.;8903006536;2;1;1;1;2;1;230;0;502910000;QPL
9645;1;2;16;Bancolombia S.A.;8909039388;2;1;1;1;2;1;111;0;504020000;QPL
9645;1;2;3;Banco Davivienda S.A.;8600343137;2;1;1;1;2;1;113;0;516420000;QPL
9645;1;2;3;Banco De Occidente S.A.;8903002794;2;1;1;1;2;1;166;0;512825000;QPL
9645;1;2;16;Banco De Bogota S.A.;8600029644;2;1;1;1;2;1;267;0;503415000;QPL
9645;1;2;3;Banco Davivienda S.A.;8600343137;2;1;1;1;2;1;577;0;501380000;QPL
9645;1;1;16;Corporacion Financiera Colombiana S.A.;8903006536;2;1;1;1;2;1;430;0;498615000;QPL
9645;1;2;16;Banco Colpatria Multibanca Colpatria S.A.;8600345941;2;1;1;1;2;1;351;0;500890000;QPL
9645;1;2;10;Ministerio De Hacienda Y Credito Publico;8999990902;2;1;1;1;4;9;243;0;517590000;QPL
9645;1;2;10;Ministerio De Hacienda Y Credito Publico;8999990902;2;1;1;1;4;9;259;0;507555000;QPL
9645;1;2;9;Ministerio De Hacienda Y Credito Publico;8999990902;1;1;1;1;4;9;26;0;24887279.71;QPL
9645;1;2;9;Ministerio De Hacienda Y Credito Publico;8999990902;1;1;1;1;4;9;61;0;50223383.22;QPL
9645;1;2;9;Ministerio De Hacienda Y Credito Publico;8999990902;1;1;1;1;4;9;89;0;51659619.38;QPL
9645;2;2;0;Banco De Bogota S.A.;8600029644;0;0;0;0;0;0;0;0;185595980.33;QPL
9645;2;2;0;Bancolombia S.A.;8909039388;0;0;0;0;0;0;0;0;81489695.93;QPL
9645;2;2;0;Citibank Colombia S.A.;8600511354;0;0;0;0;0;0;0;0;107560490.48;QPL
9645;2;2;0;Banco Gnb Sudameris S.A.;8600507501;0;0;0;0;0;0;0;0;267624750.74;QPL
9645;2;2;0;Bbva Colombia S.A.;8600030201;0;0;0;0;0;0;0;0;332755957.25;QPL
9645;2;2;0;Banco Colpatria Multibanca Colpatria S.A.;8600345941;0;0;0;0;0;0;0;0;513649296.02;QPL
9645;2;2;0;Banco De Occidente S.A.;8903002794;0;0;0;0;0;0;0;0;2902596710.77;QPL
9645;2;2;0;Banco Caja Social;8600073354;0;0;0;0;0;0;0;0;0;QPL
9645;2;2;0;Banco Davivienda S.A.;8600343137;0;0;0;0;0;0;0;0;95825114.34;QPL
9645;2;2;0;Banco Av Villas S.A.;8600358275;0;0;0;0;0;0;0;0;292939891.35;QPL
9645;2;2;0;Cititrust Colombia S.A.;8001468148;0;0;0;0;0;0;0;0;0;QPL
9645;2;1;0;Corporacion Financiera Colombiana S.A.;8903006536;0;0;0;0;0;0;0;0;254991762.18;QPL
9641;1;2;9;Ministerio De Hacienda Y Credito Publico;8999990902;1;1;1;1;4;9;26;0;95105763.22;ML
9641;1;2;9;Ministerio De Hacienda Y Credito Publico;8999990902;1;1;1;1;4;9;61;0;108390947.7;ML
9641;1;2;9;Ministerio De Hacienda Y Credito Publico;8999990902;1;1;1;1;4;9;89;0;117098129.42;ML
9641;1;2;16;Banco Pichincha S.A.;8902007567;2;1;1;1;2;1;211;0;504950000;ML
9641;1;2;16;Banco Procredit Colombia S.A.;9002009609;2;1;1;1;2;1;48;0;504290000;ML
9641;1;2;16;Leasing Bancoldex S.A. Compað?A De Financiamiento;8002253859;2;1;1;1;2;1;309;0;503770000;ML
9641;1;2;16;Banco Cooperativo Coopcentral;8902030889;2;1;1;1;2;1;27;0;366068500;ML
9641;1;2;16;Banco De Bogota S.A.;8600029644;2;1;1;1;2;1;378;0;502870000;ML
9641;1;2;16;Banco Colpatria Multibanca Colpatria S.A.;8600345941;2;1;1;1;2;1;388;0;502245000;ML
9641;1;1;16;Corporacion Financiera Colombiana S.A.;8903006536;2;1;1;1;2;1;212;0;504305000;ML
9641;1;2;16;Leasing Bancolombia S.A. C.F.;8600592943;2;1;1;1;2;1;39;0;509905000;ML
9641;1;1;16;Corporacion Financiera Colombiana S.A.;8903006536;2;1;1;1;2;1;403;0;501680000;ML
9641;1;2;16;Leasing Bancolombia S.A. C.F.;8600592943;2;1;1;1;2;1;231;0;1003550000;ML
9641;1;2;16;Leasing Bancolombia S.A. C.F.;8600592943;2;1;1;1;2;1;237;0;499820000;ML
9641;1;2;16;Banco De Bogota S.A.;8600029644;2;1;1;1;2;1;281;0;1021230000;ML
9641;1;2;3;Banco Davivienda S.A.;8600343137;2;1;1;1;2;1;113;0;516420000;ML
9641;1;2;3;Banco De Occidente S.A.;8903002794;2;1;1;1;2;1;166;0;512825000;ML
9641;1;2;16;Banco De Bogota S.A.;8600029644;2;1;1;1;2;1;267;0;503415000;ML
9641;1;2;16;Banco De Bogota S.A.;8600029644;2;1;1;1;2;1;59;0;1001370000;ML
9641;1;1;16;Corporacion Financiera Colombiana S.A.;8903006536;2;1;1;1;2;1;430;0;498615000;ML
9641;1;2;16;Banco Colpatria Multibanca Colpatria S.A.;8600345941;2;1;1;1;2;1;351;0;500890000;ML
9641;1;2;34;Bancolombia S.A.;8909039388;2;1;1;1;2;1;1;0;5396880;ML
9641;1;2;37;Ecopetrol S.A.;8999990681;2;1;1;1;1;1;1;0;9187500;ML
9641;1;2;34;Banco Davivienda S.A.;8600343137;2;1;1;1;2;1;1;0;7629300;ML
9641;1;2;34;Banco Davivienda S.A.;8600343137;2;1;1;1;2;1;1;0;4456480;ML
9641;1;2;34;Bancolombia S.A.;8909039388;2;1;1;1;2;1;1;0;9275040;ML
9641;1;2;50;Fiduciaria Bogota S.A.;8001423837;2;1;1;1;2;1;1;0;22258440.45;ML
9641;1;2;50;Fiduciaria Bogota S.A.;8001423837;2;1;1;1;2;1;1;0;517638.15;ML
9641;1;2;37;Almacenes Exito S.A.;8909006089;2;1;1;1;1;1;1;0;5012480;ML
9641;1;2;10;Ministerio De Hacienda Y Credito Publico;8999990902;2;1;1;1;4;9;27;0;524400000;ML
9641;2;2;0;Banco De Bogota S.A.;8600029644;0;0;0;0;0;0;0;0;177404022.93;ML
9641;2;2;0;Banco Corpbanca Colombia S.A;8909039370;0;0;0;0;0;0;0;0;279973021.82;ML
9641;2;2;0;Bancolombia S.A.;8909039388;0;0;0;0;0;0;0;0;266666471.33;ML
9641;2;2;0;Citibank Colombia S.A.;8600511354;0;0;0;0;0;0;0;0;257848420.94;ML
9641;2;2;0;Bbva Colombia S.A.;8600030201;0;0;0;0;0;0;0;0;401351283.09;ML
9641;2;2;0;Banco Colpatria Multibanca Colpatria S.A.;8600345941;0;0;0;0;0;0;0;0;221957389.75;ML
9641;2;2;0;Banco De Occidente S.A.;8903002794;0;0;0;0;0;0;0;0;634961769.77;ML
9641;2;2;0;Banco Av Villas S.A.;8600358275;0;0;0;0;0;0;0;0;1765894792.58;ML
9641;2;2;0;Cititrust Colombia S.A.;8001468148;0;0;0;0;0;0;0;0;0;ML
9641;2;2;0;Corporacion Financiera Colombiana S.A.;8903006536;0;0;0;0;0;0;0;0;676628648.17;ML
13174;1;2;10;Ministerio De Hacienda Y Credito Publico;8999990902;2;1;1;1;4;9;259;0;426447711;CFP
13174;1;2;16;Financiera De Desarrollo Territorial S.A. Findeter;8000963291;2;1;1;1;2;1;853;0;508900000;CFP
13174;1;2;16;Helm Bank;8600076603;2;1;1;1;2;1;59;0;2024860000;CFP
13174;1;2;16;Financiera De Desarrollo Territorial S.A. Findeter;8000963291;2;1;1;1;2;1;488;0;1034660000;CFP
13174;1;2;16;Banco Colpatria Multibanca Colpatria S.A.;8600345941;2;1;1;1;2;1;13;0;509470000;CFP
13174;1;2;16;Banco De Bogota S.A.;8600029644;2;1;1;1;2;1;488;0;517475000;CFP
13174;1;2;16;Banco Colpatria Multibanca Colpatria S.A.;8600345941;2;1;1;1;2;1;315;0;515700000;CFP
13174;1;2;16;Financiera De Desarrollo Territorial S.A. Findeter;8000963291;2;1;1;1;2;1;101;0;1521870000;CFP
13174;1;2;16;Banco Corpbanca Colombia S.A;8909039370;2;1;1;1;2;1;105;0;507160000;CFP
13174;1;2;16;Bancolombia S.A.;8909039388;2;1;1;1;2;1;178;0;4035960000;CFP
13174;1;2;16;Bancolombia S.A.;8909039388;2;1;1;1;2;1;562;0;520465000;CFP
13174;1;2;16;Banco De Bogota S.A.;8600029644;2;1;1;1;2;1;323;0;3017610000;CFP
13174;1;2;16;Bancolombia S.A.;8909039388;2;1;1;1;2;1;301;0;510155000;CFP
13174;1;2;16;Banco Gnb Sudameris S.A.;8600507501;2;1;1;1;2;1;26;0;1009720000;CFP
13174;1;2;16;Banco Gnb Sudameris S.A.;8600507501;2;1;1;1;2;1;406;0;1005790000;CFP
13174;1;2;16;Banco Gnb Sudameris S.A.;8600507501;2;1;1;1;2;1;274;0;5056850000;CFP
13174;1;2;16;Banco Av Villas S.A.;8600358275;2;1;1;1;2;1;402;0;2536275000;CFP
13174;1;2;16;Banco Colpatria Multibanca Colpatria S.A.;8600345941;2;1;1;1;2;1;83;0;1000500000;CFP
13174;1;2;16;Banco De Bogota S.A.;8600029644;2;1;1;1;2;1;473;0;1011280000;CFP
13174;1;2;16;Banco De Bogota S.A.;8600029644;2;1;1;1;2;1;476;0;5053050000;CFP
13174;1;2;16;Banco Corpbanca Colombia S.A;8909039370;2;1;1;1;2;1;81;0;1513410000;CFP
13174;1;2;16;Banco Corpbanca Colombia S.A;8909039370;2;1;1;1;2;1;44;0;4034680000;CFP
13174;1;2;16;Banco Davivienda S.A.;8600343137;2;1;1;1;2;1;343;0;1005810000;CFP
13174;1;2;16;Banco De Comercio Ext. De Colombia S.A. Bancoldex;8001499236;2;1;1;1;2;1;45;0;1004790000;CFP
13174;1;2;16;Banco Av Villas S.A.;8600358275;2;1;1;1;2;1;48;0;1004380000;CFP
13174;1;2;16;Bbva Colombia S.A.;8600030201;2;1;1;1;2;1;62;0;1008230000;CFP
13174;1;2;16;Financiera De Desarrollo Territorial S.A. Findeter;8000963291;2;1;1;1;2;1;94;0;503755000;CFP
13174;1;2;16;Banco Davivienda S.A.;8600343137;2;1;1;1;2;1;73;0;2515925000;CFP
13174;1;2;16;Bbva Colombia S.A.;8600030201;2;1;1;1;2;1;557;0;2029000000;CFP
13174;1;2;16;Banco De Bogota S.A.;8600029644;2;1;1;1;2;1;204;0;2004220000;CFP
13174;1;2;16;Banco Colpatria Multibanca Colpatria S.A.;8600345941;2;1;1;1;2;1;205;0;2002180000;CFP
13174;1;2;16;Financiera De Desarrollo Territorial S.A. Findeter;8000963291;2;1;1;1;2;1;421;0;2979060000;CFP
13174;1;2;16;Banco De Bogota S.A.;8600029644;2;1;1;1;2;1;28;0;3003480000;CFP
13174;2;2;0;Banco De Bogota S.A.;8600029644;0;0;0;0;0;0;0;0;8478253311.85;CFP
13174;2;2;0;Banco Popular S.A.;8600077389;0;0;0;0;0;0;0;0;2150220846.86;CFP
13174;2;2;0;Banco Corpbanca Colombia S.A;8909039370;0;0;0;0;0;0;0;0;4564861982.03;CFP
13174;2;2;0;Bancolombia S.A.;8909039388;0;0;0;0;0;0;0;0;2151546576.25;CFP
13174;2;2;0;Citibank Colombia S.A.;8600511354;0;0;0;0;0;0;0;0;1073561499.54;CFP
13174;2;2;0;Banco Gnb Sudameris S.A.;8600507501;0;0;0;0;0;0;0;0;1971633867.74;CFP
13174;2;2;0;Bbva Colombia S.A.;8600030201;0;0;0;0;0;0;0;0;1603009789.92;CFP
13174;2;2;0;Helm Bank;8600076603;0;0;0;0;0;0;0;0;3065212033.1;CFP
13174;2;2;0;Banco Colpatria Multibanca Colpatria S.A.;8600345941;0;0;0;0;0;0;0;0;1231274200.24;CFP
13174;2;2;0;Banco De Occidente S.A.;8903002794;0;0;0;0;0;0;0;0;0;CFP
13174;2;2;0;Banco Caja Social;8600073354;0;0;0;0;0;0;0;0;0;CFP
13174;2;2;0;Banco Agrario De Colombia S.A;8000378008;0;0;0;0;0;0;0;0;447939457.59;CFP
13174;2;2;0;Banco Davivienda S.A.;8600343137;0;0;0;0;0;0;0;0;2788854651.16;CFP
13174;2;2;0;Banco Av Villas S.A.;8600358275;0;0;0;0;0;0;0;0;3597948339.67;CFP
13174;2;2;0;Banco Pichincha S.A.;8902007567;0;0;0;0;0;0;0;0;1089401256.08;CFP
13174;2;2;0;Banco Santander De Negocios Colombia S.A.;9006281103;0;0;0;0;0;0;0;0;1391441515.95;CFP
